1,MOV000253280_700X466.mp4
2,MOV000252311_700X466.mp4
3,MOV000359670_700X466.mp4
4,MOV000235027_700X466.mp4
5,MOV000255807_700X466.mp4
6,MOV000360025_700X466.mp4
7,MOV000359835_700X466.mp4
8,MOV000359488_700X466.mp4
9,MOV000243164_700X466.mp4
10,MOV000235141_700X466.mp4
11,MOV000250904_700X466.mp4
12,MOV000254566_700X466.mp4
13,MOV000238329_700X466.mp4
14,MOV000235835_700X466.mp4
15,MOV000252297_700X466.mp4
16,MOV000254088_700X466.mp4
17,MOV000248768_700X466.mp4
18,MOV000249231_700X466.mp4
19,MOV000255212_700X466.mp4
20,MOV000252297_700X466.mp4
21,MOV000244626_700X466.mp4
22,MOV000247466_700X466.mp4
23,MOV000248474_700X466.mp4
24,MOV000259119_700X466.mp4
25,MOV000248474_700X466.mp4
26,MOV000359670_700X466.mp4
27,MOV000255807_700X466.mp4
28,MOV000248474_700X466.mp4
29,MOV000255212_700X466.mp4
30,MOV000250904_700X466.mp4
31,MOV000252297_700X466.mp4
32,MOV000254088_700X466.mp4
33,MOV000252367_700X466.mp4
34,MOV000274454_700X466.mp4
35,MOV000248548_700X466.mp4
36,MOV000255807_700X466.mp4
37,MOV000252977_700X466.mp4
38,MOV000250904_700X466.mp4
39,MOV000251583_700X466.mp4
40,MOV000254566_700X466.mp4
41,MOV000258455_700X466.mp4
42,MOV000251527_700X466.mp4
43,MOV000248783_700X466.mp4
44,MOV000235299_700X466.mp4
45,MOV000359904_700X466.mp4
46,MOV000255807_700X466.mp4
47,MOV000253492_700X466.mp4
48,MOV000255598_700X466.mp4
49,MOV000248292_700X466.mp4
50,MOV000244702_700X466.mp4
51,MOV000359662_700X466.mp4
52,MOV000256095_700X466.mp4
53,MOV000359662_700X466.mp4
54,MOV000248474_700X466.mp4
55,MOV000254566_700X466.mp4
56,MOV000248292_700X466.mp4
57,MOV000273300_700X466.mp4
58,MOV000254566_700X466.mp4
59,MOV000251726_700X466.mp4
60,MOV000254604_700X466.mp4
61,MOV000256711_700X466.mp4
62,MOV000258529_700X466.mp4
63,MOV000253037_700X466.mp4
64,MOV000252329_700X466.mp4
65,MOV000252311_700X466.mp4
66,MOV000250042_700X466.mp4
67,MOV000236158_700X466.mp4
68,MOV000252297_700X466.mp4
69,MOV000253492_700X466.mp4
70,MOV000252109_700X466.mp4
71,MOV000359985_700X466.mp4
72,MOV000249438_700X466.mp4
73,MOV000256303_700X466.mp4
74,MOV000354376_700X466.mp4
75,MOV000254088_700X466.mp4
76,MOV000251527_700X466.mp4
77,MOV000255950_700X466.mp4
78,MOV000255807_700X466.mp4
79,MOV000253492_700X466.mp4
80,MOV000253926_700X466.mp4
81,MOV000249602_700X466.mp4
82,MOV000235299_700X466.mp4
83,MOV000248292_700X466.mp4
84,MOV000249730_700X466.mp4
85,MOV000360035_700X466.mp4
86,MOV000360032_700X466.mp4
87,MOV000250498_700X466.mp4
88,MOV000360010_700X466.mp4
89,MOV000234444_700X466.mp4
90,MOV000360020_700X466.mp4
91,MOV000243164_700X466.mp4
92,MOV000360082_700X466.mp4
93,MOV000255560_700X466.mp4
94,MOV000360025_700X466.mp4
95,MOV000234444_700X466.mp4
96,MOV000255952_700X466.mp4
97,MOV000252297_700X466.mp4
98,MOV000246514_700X466.mp4
99,MOV000253926_700X466.mp4
100,MOV000254088_700X466.mp4
101,MOV000257834_700X466.mp4
102,MOV000255763_700X466.mp4
103,MOV000359723_700X466.mp4
104,MOV000254424_700X466.mp4
105,MOV000251583_700X466.mp4
106,MOV000257612_700X466.mp4
107,MOV000258529_700X466.mp4
108,MOV000254566_700X466.mp4
109,MOV000240539_700X466.mp4
110,MOV000250441_700X466.mp4
111,MOV000236158_700X466.mp4
112,MOV000252297_700X466.mp4
113,MOV000248292_700X466.mp4
114,MOV000254088_700X466.mp4
115,MOV000258455_700X466.mp4
116,MOV000235835_700X466.mp4
117,MOV000249730_700X466.mp4
118,MOV000244884_700X466.mp4
119,MOV000255791_700X466.mp4
120,MOV000253067_700X466.mp4
121,MOV000250042_700X466.mp4
122,MOV000253067_700X466.mp4
123,MOV000257612_700X466.mp4
124,MOV000254566_700X466.mp4
125,MOV000240539_700X466.mp4
126,MOV000259382_700X466.mp4
127,MOV000252311_700X466.mp4
128,MOV000257273_700X466.mp4
129,MOV000258529_700X466.mp4
130,MOV000253492_700X466.mp4
131,MOV000249484_700X466.mp4
132,MOV000254566_700X466.mp4
133,MOV000235299_700X466.mp4
134,MOV000235299_700X466.mp4
135,MOV000252977_700X466.mp4
136,MOV000257691_700X466.mp4
137,MOV000255807_700X466.mp4
138,MOV000235299_700X466.mp4
139,MOV000255950_700X466.mp4
140,MOV000360027_700X466.mp4
141,MOV000359876_700X466.mp4
142,MOV000359835_700X466.mp4
143,MOV000253518_700X466.mp4
144,MOV000251583_700X466.mp4
145,MOV000254566_700X466.mp4
146,MOV000240151_700X466.mp4
147,MOV000240151_700X466.mp4
148,MOV000255560_700X466.mp4
149,MOV000249484_700X466.mp4
150,MOV000235835_700X466.mp4
151,MOV000244626_700X466.mp4
152,MOV000357212_700X466.mp4
